-- MariaDB dump 10.17  Distrib 10.4.6-MariaDB, for Linux (x86_64)
--
-- Host: 127.0.0.1    Database: files
-- ------------------------------------------------------
-- Server version	10.3.12-MariaDB-1:10.3.12+maria~bionic

/*!40101 SET @OLD_CHARACTER_SET_CLIENT=@@CHARACTER_SET_CLIENT */;
/*!40101 SET @OLD_CHARACTER_SET_RESULTS=@@CHARACTER_SET_RESULTS */;
/*!40101 SET @OLD_COLLATION_CONNECTION=@@COLLATION_CONNECTION */;
/*!40101 SET NAMES utf8mb4 */;
/*!40103 SET @OLD_TIME_ZONE=@@TIME_ZONE */;
/*!40103 SET TIME_ZONE='+00:00' */;
/*!40014 SET @OLD_UNIQUE_CHECKS=@@UNIQUE_CHECKS, UNIQUE_CHECKS=0 */;
/*!40014 SET @OLD_FOREIGN_KEY_CHECKS=@@FOREIGN_KEY_CHECKS, FOREIGN_KEY_CHECKS=0 */;
/*!40101 SET @OLD_SQL_MODE=@@SQL_MODE, SQL_MODE='NO_AUTO_VALUE_ON_ZERO' */;
/*!40111 SET @OLD_SQL_NOTES=@@SQL_NOTES, SQL_NOTES=0 */;

--
-- Current Database: `files`
--

CREATE DATABASE /*!32312 IF NOT EXISTS*/ `files` /*!40100 DEFAULT CHARACTER SET latin1 */;

USE `files`;

--
-- Table structure for table `description`
--

DROP TABLE IF EXISTS `description`;
/*!40101 SET @saved_cs_client     = @@character_set_client */;
/*!40101 SET character_set_client = utf8 */;
CREATE TABLE `description` (
  `description` varchar(255) NOT NULL,
  PRIMARY KEY (`description`)
) ENGINE=InnoDB DEFAULT CHARSET=latin1;
/*!40101 SET character_set_client = @saved_cs_client */;

--
-- Dumping data for table `description`
--

LOCK TABLES `description` WRITE;
/*!40000 ALTER TABLE `description` DISABLE KEYS */;
INSERT INTO `description` VALUES ('observatory.LSA22YE.feeds.temperatures.channel_02_r'),('observatory.LSA22YE.feeds.temperatures.channel_02_t'),('observatory.LSA22YE.feeds.temperatures.channel_03_r'),('observatory.LSA22YE.feeds.temperatures.channel_03_t'),('observatory.LSA22YE.feeds.temperatures.channel_06_r'),('observatory.LSA22YE.feeds.temperatures.channel_06_t'),('observatory.LSA22YE.feeds.temperatures.channel_07_r'),('observatory.LSA22YE.feeds.temperatures.channel_07_t'),('observatory.LSA22YG.feeds.temperatures.channel_01_r'),('observatory.LSA22YG.feeds.temperatures.channel_01_t'),('observatory.LSA22Z2.feeds.temperatures.channel_1_t'),('observatory.LSA22Z2.feeds.temperatures.channel_1_v'),('observatory.LSA22Z2.feeds.temperatures.channel_2_t'),('observatory.LSA22Z2.feeds.temperatures.channel_2_v'),('observatory.LSA22Z2.feeds.temperatures.channel_3_t'),('observatory.LSA22Z2.feeds.temperatures.channel_3_v'),('observatory.LSA22Z2.feeds.temperatures.channel_4_t'),('observatory.LSA22Z2.feeds.temperatures.channel_4_v'),('observatory.LSA22Z2.feeds.temperatures.channel_5_t'),('observatory.LSA22Z2.feeds.temperatures.channel_5_v'),('observatory.LSA22Z2.feeds.temperatures.channel_6_t'),('observatory.LSA22Z2.feeds.temperatures.channel_6_v'),('observatory.LSA22Z2.feeds.temperatures.channel_7_t'),('observatory.LSA22Z2.feeds.temperatures.channel_7_v'),('observatory.LSA22Z2.feeds.temperatures.channel_8_t'),('observatory.LSA22Z2.feeds.temperatures.channel_8_v'),('observatory.LSA22ZC.feeds.temperatures.channel_1_t'),('observatory.LSA22ZC.feeds.temperatures.channel_1_v'),('observatory.LSA22ZC.feeds.temperatures.channel_2_t'),('observatory.LSA22ZC.feeds.temperatures.channel_2_v'),('observatory.LSA22ZC.feeds.temperatures.channel_3_t'),('observatory.LSA22ZC.feeds.temperatures.channel_3_v'),('observatory.LSA22ZC.feeds.temperatures.channel_4_t'),('observatory.LSA22ZC.feeds.temperatures.channel_4_v'),('observatory.LSA22ZC.feeds.temperatures.channel_5_t'),('observatory.LSA22ZC.feeds.temperatures.channel_5_v'),('observatory.LSA22ZC.feeds.temperatures.channel_6_t'),('observatory.LSA22ZC.feeds.temperatures.channel_6_v'),('observatory.LSA22ZC.feeds.temperatures.channel_7_t'),('observatory.LSA22ZC.feeds.temperatures.channel_7_v'),('observatory.LSA22ZC.feeds.temperatures.channel_8_t'),('observatory.LSA22ZC.feeds.temperatures.channel_8_v'),('observatory.LSA24R5.feeds.temperatures.channel_1_t'),('observatory.LSA24R5.feeds.temperatures.channel_1_v'),('observatory.LSA24R5.feeds.temperatures.channel_2_t'),('observatory.LSA24R5.feeds.temperatures.channel_2_v'),('observatory.LSA24R5.feeds.temperatures.channel_3_t'),('observatory.LSA24R5.feeds.temperatures.channel_3_v'),('observatory.LSA24R5.feeds.temperatures.channel_4_t'),('observatory.LSA24R5.feeds.temperatures.channel_4_v'),('observatory.LSA24R5.feeds.temperatures.channel_5_t'),('observatory.LSA24R5.feeds.temperatures.channel_5_v'),('observatory.LSA24R5.feeds.temperatures.channel_6_t'),('observatory.LSA24R5.feeds.temperatures.channel_6_v'),('observatory.LSA24R5.feeds.temperatures.channel_7_t'),('observatory.LSA24R5.feeds.temperatures.channel_7_v'),('observatory.LSA24R5.feeds.temperatures.channel_8_t'),('observatory.LSA24R5.feeds.temperatures.channel_8_v');
/*!40000 ALTER TABLE `description` ENABLE KEYS */;
UNLOCK TABLES;

--
-- Table structure for table `feeds`
--

DROP TABLE IF EXISTS `feeds`;
/*!40101 SET @saved_cs_client     = @@character_set_client */;
/*!40101 SET character_set_client = utf8 */;
CREATE TABLE `feeds` (
  `id` int(11) NOT NULL AUTO_INCREMENT,
  `filename` varchar(255) DEFAULT NULL,
  `path` varchar(255) DEFAULT NULL,
  `prov_id` int(11) DEFAULT NULL,
  `description` varchar(255) DEFAULT NULL,
  `scanned` tinyint(1) NOT NULL DEFAULT 0,
  PRIMARY KEY (`id`),
  UNIQUE KEY `feed_index` (`filename`,`prov_id`)
) ENGINE=InnoDB AUTO_INCREMENT=55 DEFAULT CHARSET=latin1;
/*!40101 SET character_set_client = @saved_cs_client */;

--
-- Dumping data for table `feeds`
--

LOCK TABLES `feeds` WRITE;
/*!40000 ALTER TABLE `feeds` DISABLE KEYS */;
INSERT INTO `feeds` VALUES (1,'2019-05-15-14-18-03.g3','/data/15579',0,'observatory.LSA22YG.feeds.temperatures',0),(2,'2019-05-15-14-18-03.g3','/data/15579',1,'observatory.LSA22ZC.feeds.temperatures',0),(3,'2019-05-15-14-18-03.g3','/data/15579',2,'observatory.LSA23JD.feeds.temperatures',0),(4,'2019-05-15-14-18-03.g3','/data/15579',3,'observatory.LSA24R5.feeds.temperatures',0),(5,'2019-05-15-14-18-03.g3','/data/15579',4,'observatory.LSA22Z2.feeds.temperatures',0),(6,'2019-05-15-14-18-03.g3','/data/15579',5,'observatory.LSA22YE.feeds.temperatures',0),(7,'2019-05-15-07-17-50.g3','/data/15579',0,'observatory.LSA22YG.feeds.temperatures',1),(8,'2019-05-15-07-17-50.g3','/data/15579',1,'observatory.LSA22ZC.feeds.temperatures',1),(9,'2019-05-15-07-17-50.g3','/data/15579',2,'observatory.LSA23JD.feeds.temperatures',1),(10,'2019-05-15-07-17-50.g3','/data/15579',3,'observatory.LSA24R5.feeds.temperatures',1),(11,'2019-05-15-07-17-50.g3','/data/15579',4,'observatory.LSA22Z2.feeds.temperatures',1),(12,'2019-05-15-07-17-50.g3','/data/15579',5,'observatory.LSA22YE.feeds.temperatures',1),(13,'2019-05-15-10-17-56.g3','/data/15579',0,'observatory.LSA22YG.feeds.temperatures',1),(14,'2019-05-15-10-17-56.g3','/data/15579',1,'observatory.LSA22ZC.feeds.temperatures',1),(15,'2019-05-15-10-17-56.g3','/data/15579',2,'observatory.LSA23JD.feeds.temperatures',1),(16,'2019-05-15-10-17-56.g3','/data/15579',3,'observatory.LSA24R5.feeds.temperatures',1),(17,'2019-05-15-10-17-56.g3','/data/15579',4,'observatory.LSA22Z2.feeds.temperatures',1),(18,'2019-05-15-10-17-56.g3','/data/15579',5,'observatory.LSA22YE.feeds.temperatures',1),(19,'2019-05-15-08-17-52.g3','/data/15579',0,'observatory.LSA22YG.feeds.temperatures',1),(20,'2019-05-15-08-17-52.g3','/data/15579',1,'observatory.LSA22ZC.feeds.temperatures',1),(21,'2019-05-15-08-17-52.g3','/data/15579',2,'observatory.LSA23JD.feeds.temperatures',1),(22,'2019-05-15-08-17-52.g3','/data/15579',3,'observatory.LSA24R5.feeds.temperatures',1),(23,'2019-05-15-08-17-52.g3','/data/15579',4,'observatory.LSA22Z2.feeds.temperatures',1),(24,'2019-05-15-08-17-52.g3','/data/15579',5,'observatory.LSA22YE.feeds.temperatures',1),(25,'2019-05-15-12-18-00.g3','/data/15579',0,'observatory.LSA22YG.feeds.temperatures',1),(26,'2019-05-15-12-18-00.g3','/data/15579',1,'observatory.LSA22ZC.feeds.temperatures',1),(27,'2019-05-15-12-18-00.g3','/data/15579',2,'observatory.LSA23JD.feeds.temperatures',1),(28,'2019-05-15-12-18-00.g3','/data/15579',3,'observatory.LSA24R5.feeds.temperatures',1),(29,'2019-05-15-12-18-00.g3','/data/15579',4,'observatory.LSA22Z2.feeds.temperatures',1),(30,'2019-05-15-12-18-00.g3','/data/15579',5,'observatory.LSA22YE.feeds.temperatures',1),(31,'2019-05-15-13-18-01.g3','/data/15579',0,'observatory.LSA22YG.feeds.temperatures',1),(32,'2019-05-15-13-18-01.g3','/data/15579',1,'observatory.LSA22ZC.feeds.temperatures',1),(33,'2019-05-15-13-18-01.g3','/data/15579',2,'observatory.LSA23JD.feeds.temperatures',1),(34,'2019-05-15-13-18-01.g3','/data/15579',3,'observatory.LSA24R5.feeds.temperatures',1),(35,'2019-05-15-13-18-01.g3','/data/15579',4,'observatory.LSA22Z2.feeds.temperatures',1),(36,'2019-05-15-13-18-01.g3','/data/15579',5,'observatory.LSA22YE.feeds.temperatures',1),(37,'2019-05-15-06-17-48.g3','/data/15579',0,'observatory.LSA22YG.feeds.temperatures',1),(38,'2019-05-15-06-17-48.g3','/data/15579',1,'observatory.LSA22ZC.feeds.temperatures',1),(39,'2019-05-15-06-17-48.g3','/data/15579',2,'observatory.LSA23JD.feeds.temperatures',1),(40,'2019-05-15-06-17-48.g3','/data/15579',3,'observatory.LSA24R5.feeds.temperatures',1),(41,'2019-05-15-06-17-48.g3','/data/15579',4,'observatory.LSA22Z2.feeds.temperatures',1),(42,'2019-05-15-06-17-48.g3','/data/15579',5,'observatory.LSA22YE.feeds.temperatures',1),(43,'2019-05-15-09-17-54.g3','/data/15579',0,'observatory.LSA22YG.feeds.temperatures',1),(44,'2019-05-15-09-17-54.g3','/data/15579',1,'observatory.LSA22ZC.feeds.temperatures',1),(45,'2019-05-15-09-17-54.g3','/data/15579',2,'observatory.LSA23JD.feeds.temperatures',1),(46,'2019-05-15-09-17-54.g3','/data/15579',3,'observatory.LSA24R5.feeds.temperatures',1),(47,'2019-05-15-09-17-54.g3','/data/15579',4,'observatory.LSA22Z2.feeds.temperatures',1),(48,'2019-05-15-09-17-54.g3','/data/15579',5,'observatory.LSA22YE.feeds.temperatures',1),(49,'2019-05-15-11-17-58.g3','/data/15579',0,'observatory.LSA22YG.feeds.temperatures',1),(50,'2019-05-15-11-17-58.g3','/data/15579',1,'observatory.LSA22ZC.feeds.temperatures',1),(51,'2019-05-15-11-17-58.g3','/data/15579',2,'observatory.LSA23JD.feeds.temperatures',1),(52,'2019-05-15-11-17-58.g3','/data/15579',3,'observatory.LSA24R5.feeds.temperatures',1),(53,'2019-05-15-11-17-58.g3','/data/15579',4,'observatory.LSA22Z2.feeds.temperatures',1),(54,'2019-05-15-11-17-58.g3','/data/15579',5,'observatory.LSA22YE.feeds.temperatures',1);
/*!40000 ALTER TABLE `feeds` ENABLE KEYS */;
UNLOCK TABLES;

--
-- Table structure for table `fields`
--

DROP TABLE IF EXISTS `fields`;
/*!40101 SET @saved_cs_client     = @@character_set_client */;
/*!40101 SET character_set_client = utf8 */;
CREATE TABLE `fields` (
  `feed_id` int(11) NOT NULL,
  `field` varchar(255) DEFAULT NULL,
  `start` datetime(6) DEFAULT NULL,
  `end` datetime(6) DEFAULT NULL,
  UNIQUE KEY `index_field` (`feed_id`,`field`)
) ENGINE=InnoDB DEFAULT CHARSET=latin1;
/*!40101 SET character_set_client = @saved_cs_client */;

--
-- Dumping data for table `fields`
--

LOCK TABLES `fields` WRITE;
/*!40000 ALTER TABLE `fields` DISABLE KEYS */;
INSERT INTO `fields` VALUES (5,'Channel 1 T','2019-05-15 14:18:02.861433','2019-05-15 14:46:41.489573'),(5,'Channel 1 V','2019-05-15 14:18:02.861433','2019-05-15 14:46:41.489573'),(5,'Channel 2 T','2019-05-15 14:18:02.861433','2019-05-15 14:46:41.489573'),(5,'Channel 2 V','2019-05-15 14:18:02.861433','2019-05-15 14:46:41.489573'),(5,'Channel 3 T','2019-05-15 14:18:02.861433','2019-05-15 14:46:41.489573'),(5,'Channel 3 V','2019-05-15 14:18:02.861433','2019-05-15 14:46:41.489573'),(5,'Channel 4 T','2019-05-15 14:18:02.861433','2019-05-15 14:46:41.489573'),(5,'Channel 4 V','2019-05-15 14:18:02.861433','2019-05-15 14:46:41.489573'),(5,'Channel 5 T','2019-05-15 14:18:02.861433','2019-05-15 14:46:41.489573'),(5,'Channel 5 V','2019-05-15 14:18:02.861433','2019-05-15 14:46:41.489573'),(5,'Channel 6 T','2019-05-15 14:18:02.861433','2019-05-15 14:46:41.489573'),(5,'Channel 6 V','2019-05-15 14:18:02.861433','2019-05-15 14:46:41.489573'),(5,'Channel 7 T','2019-05-15 14:18:02.861433','2019-05-15 14:46:41.489573'),(5,'Channel 7 V','2019-05-15 14:18:02.861433','2019-05-15 14:46:41.489573'),(5,'Channel 8 T','2019-05-15 14:18:02.861433','2019-05-15 14:46:41.489573'),(5,'Channel 8 V','2019-05-15 14:18:02.861433','2019-05-15 14:46:41.489573'),(2,'Channel 1 T','2019-05-15 14:18:03.781410','2019-05-15 14:45:46.504593'),(2,'Channel 1 V','2019-05-15 14:18:03.781410','2019-05-15 14:45:46.504593'),(2,'Channel 2 T','2019-05-15 14:18:03.781410','2019-05-15 14:45:46.504593'),(2,'Channel 2 V','2019-05-15 14:18:03.781410','2019-05-15 14:45:46.504593'),(2,'Channel 3 T','2019-05-15 14:18:03.781410','2019-05-15 14:45:46.504593'),(2,'Channel 3 V','2019-05-15 14:18:03.781410','2019-05-15 14:45:46.504593'),(2,'Channel 4 T','2019-05-15 14:18:03.781410','2019-05-15 14:45:46.504593'),(2,'Channel 4 V','2019-05-15 14:18:03.781410','2019-05-15 14:45:46.504593'),(2,'Channel 5 T','2019-05-15 14:18:03.781410','2019-05-15 14:45:46.504593'),(2,'Channel 5 V','2019-05-15 14:18:03.781410','2019-05-15 14:45:46.504593'),(2,'Channel 6 T','2019-05-15 14:18:03.781410','2019-05-15 14:45:46.504593'),(2,'Channel 6 V','2019-05-15 14:18:03.781410','2019-05-15 14:45:46.504593'),(2,'Channel 7 T','2019-05-15 14:18:03.781410','2019-05-15 14:45:46.504593'),(2,'Channel 7 V','2019-05-15 14:18:03.781410','2019-05-15 14:45:46.504593'),(2,'Channel 8 T','2019-05-15 14:18:03.781410','2019-05-15 14:45:46.504593'),(2,'Channel 8 V','2019-05-15 14:18:03.781410','2019-05-15 14:45:46.504593'),(4,'Channel 1 T','2019-05-15 14:18:03.213682','2019-05-15 14:46:44.065238'),(4,'Channel 1 V','2019-05-15 14:18:03.213682','2019-05-15 14:46:44.065238'),(4,'Channel 2 T','2019-05-15 14:18:03.213682','2019-05-15 14:46:44.065238'),(4,'Channel 2 V','2019-05-15 14:18:03.213682','2019-05-15 14:46:44.065238'),(4,'Channel 3 T','2019-05-15 14:18:03.213682','2019-05-15 14:46:44.065238'),(4,'Channel 3 V','2019-05-15 14:18:03.213682','2019-05-15 14:46:44.065238'),(4,'Channel 4 T','2019-05-15 14:18:03.213682','2019-05-15 14:46:44.065238'),(4,'Channel 4 V','2019-05-15 14:18:03.213682','2019-05-15 14:46:44.065238'),(4,'Channel 5 T','2019-05-15 14:18:03.213682','2019-05-15 14:46:44.065238'),(4,'Channel 5 V','2019-05-15 14:18:03.213682','2019-05-15 14:46:44.065238'),(4,'Channel 6 T','2019-05-15 14:18:03.213682','2019-05-15 14:46:44.065238'),(4,'Channel 6 V','2019-05-15 14:18:03.213682','2019-05-15 14:46:44.065238'),(4,'Channel 7 T','2019-05-15 14:18:03.213682','2019-05-15 14:46:44.065238'),(4,'Channel 7 V','2019-05-15 14:18:03.213682','2019-05-15 14:46:44.065238'),(4,'Channel 8 T','2019-05-15 14:18:03.213682','2019-05-15 14:46:44.065238'),(4,'Channel 8 V','2019-05-15 14:18:03.213682','2019-05-15 14:46:44.065238'),(1,'Channel 01 R','2019-05-15 14:18:03.452534','2019-05-15 14:38:02.823397'),(1,'Channel 01 T','2019-05-15 14:18:03.452534','2019-05-15 14:38:02.823397'),(6,'Channel 02 R','2019-05-15 14:18:34.876493','2019-05-15 14:37:51.899925'),(6,'Channel 02 T','2019-05-15 14:18:34.876493','2019-05-15 14:37:51.899925'),(6,'Channel 03 R','2019-05-15 14:18:03.020267','2019-05-15 14:38:00.533000'),(6,'Channel 03 T','2019-05-15 14:18:03.020267','2019-05-15 14:38:00.533000'),(6,'Channel 06 R','2019-05-15 14:18:08.749862','2019-05-15 14:37:25.895183'),(6,'Channel 06 T','2019-05-15 14:18:08.749862','2019-05-15 14:37:25.895183'),(6,'Channel 07 R','2019-05-15 14:18:21.913214','2019-05-15 14:37:38.729019'),(6,'Channel 07 T','2019-05-15 14:18:21.913214','2019-05-15 14:37:38.729019'),(11,'Channel 1 T','2019-05-15 07:17:49.087699','2019-05-15 08:17:50.513012'),(11,'Channel 1 V','2019-05-15 07:17:49.087699','2019-05-15 08:17:50.513012'),(11,'Channel 2 T','2019-05-15 07:17:49.087699','2019-05-15 08:17:50.513012'),(11,'Channel 2 V','2019-05-15 07:17:49.087699','2019-05-15 08:17:50.513012'),(11,'Channel 3 T','2019-05-15 07:17:49.087699','2019-05-15 08:17:50.513012'),(11,'Channel 3 V','2019-05-15 07:17:49.087699','2019-05-15 08:17:50.513012'),(11,'Channel 4 T','2019-05-15 07:17:49.087699','2019-05-15 08:17:50.513012'),(11,'Channel 4 V','2019-05-15 07:17:49.087699','2019-05-15 08:17:50.513012'),(11,'Channel 5 T','2019-05-15 07:17:49.087699','2019-05-15 08:17:50.513012'),(11,'Channel 5 V','2019-05-15 07:17:49.087699','2019-05-15 08:17:50.513012'),(11,'Channel 6 T','2019-05-15 07:17:49.087699','2019-05-15 08:17:50.513012'),(11,'Channel 6 V','2019-05-15 07:17:49.087699','2019-05-15 08:17:50.513012'),(11,'Channel 7 T','2019-05-15 07:17:49.087699','2019-05-15 08:17:50.513012'),(11,'Channel 7 V','2019-05-15 07:17:49.087699','2019-05-15 08:17:50.513012'),(11,'Channel 8 T','2019-05-15 07:17:49.087699','2019-05-15 08:17:50.513012'),(11,'Channel 8 V','2019-05-15 07:17:49.087699','2019-05-15 08:17:50.513012'),(8,'Channel 1 T','2019-05-15 07:17:50.212648','2019-05-15 08:17:51.562178'),(8,'Channel 1 V','2019-05-15 07:17:50.212648','2019-05-15 08:17:51.562178'),(8,'Channel 2 T','2019-05-15 07:17:50.212648','2019-05-15 08:17:51.562178'),(8,'Channel 2 V','2019-05-15 07:17:50.212648','2019-05-15 08:17:51.562178'),(8,'Channel 3 T','2019-05-15 07:17:50.212648','2019-05-15 08:17:51.562178'),(8,'Channel 3 V','2019-05-15 07:17:50.212648','2019-05-15 08:17:51.562178'),(8,'Channel 4 T','2019-05-15 07:17:50.212648','2019-05-15 08:17:51.562178'),(8,'Channel 4 V','2019-05-15 07:17:50.212648','2019-05-15 08:17:51.562178'),(8,'Channel 5 T','2019-05-15 07:17:50.212648','2019-05-15 08:17:51.562178'),(8,'Channel 5 V','2019-05-15 07:17:50.212648','2019-05-15 08:17:51.562178'),(8,'Channel 6 T','2019-05-15 07:17:50.212648','2019-05-15 08:17:51.562178'),(8,'Channel 6 V','2019-05-15 07:17:50.212648','2019-05-15 08:17:51.562178'),(8,'Channel 7 T','2019-05-15 07:17:50.212648','2019-05-15 08:17:51.562178'),(8,'Channel 7 V','2019-05-15 07:17:50.212648','2019-05-15 08:17:51.562178'),(8,'Channel 8 T','2019-05-15 07:17:50.212648','2019-05-15 08:17:51.562178'),(8,'Channel 8 V','2019-05-15 07:17:50.212648','2019-05-15 08:17:51.562178'),(10,'Channel 1 T','2019-05-15 07:17:50.252026','2019-05-15 08:17:51.528919'),(10,'Channel 1 V','2019-05-15 07:17:50.252026','2019-05-15 08:17:51.528919'),(10,'Channel 2 T','2019-05-15 07:17:50.252026','2019-05-15 08:17:51.528919'),(10,'Channel 2 V','2019-05-15 07:17:50.252026','2019-05-15 08:17:51.528919'),(10,'Channel 3 T','2019-05-15 07:17:50.252026','2019-05-15 08:17:51.528919'),(10,'Channel 3 V','2019-05-15 07:17:50.252026','2019-05-15 08:17:51.528919'),(10,'Channel 4 T','2019-05-15 07:17:50.252026','2019-05-15 08:17:51.528919'),(10,'Channel 4 V','2019-05-15 07:17:50.252026','2019-05-15 08:17:51.528919'),(10,'Channel 5 T','2019-05-15 07:17:50.252026','2019-05-15 08:17:51.528919'),(10,'Channel 5 V','2019-05-15 07:17:50.252026','2019-05-15 08:17:51.528919'),(10,'Channel 6 T','2019-05-15 07:17:50.252026','2019-05-15 08:17:51.528919'),(10,'Channel 6 V','2019-05-15 07:17:50.252026','2019-05-15 08:17:51.528919'),(10,'Channel 7 T','2019-05-15 07:17:50.252026','2019-05-15 08:17:51.528919'),(10,'Channel 7 V','2019-05-15 07:17:50.252026','2019-05-15 08:17:51.528919'),(10,'Channel 8 T','2019-05-15 07:17:50.252026','2019-05-15 08:17:51.528919'),(10,'Channel 8 V','2019-05-15 07:17:50.252026','2019-05-15 08:17:51.528919'),(7,'Channel 01 R','2019-05-15 07:17:49.692210','2019-05-15 08:17:50.803877'),(7,'Channel 01 T','2019-05-15 07:17:49.692210','2019-05-15 08:17:50.803877'),(12,'Channel 02 R','2019-05-15 07:18:08.336236','2019-05-15 08:17:18.001632'),(12,'Channel 02 T','2019-05-15 07:18:08.336236','2019-05-15 08:17:18.001632'),(12,'Channel 03 R','2019-05-15 07:18:21.218585','2019-05-15 08:17:30.813601'),(12,'Channel 03 T','2019-05-15 07:18:21.218585','2019-05-15 08:17:30.813601'),(12,'Channel 06 R','2019-05-15 07:17:49.373372','2019-05-15 08:17:43.985252'),(12,'Channel 06 T','2019-05-15 07:17:49.373372','2019-05-15 08:17:43.985252'),(12,'Channel 07 R','2019-05-15 07:17:55.367929','2019-05-15 08:17:51.718791'),(12,'Channel 07 T','2019-05-15 07:17:55.367929','2019-05-15 08:17:51.718791'),(14,'Channel 1 T','2019-05-15 10:17:54.458166','2019-05-15 11:17:55.864188'),(14,'Channel 1 V','2019-05-15 10:17:54.458166','2019-05-15 11:17:55.864188'),(14,'Channel 2 T','2019-05-15 10:17:54.458166','2019-05-15 11:17:55.864188'),(14,'Channel 2 V','2019-05-15 10:17:54.458166','2019-05-15 11:17:55.864188'),(14,'Channel 3 T','2019-05-15 10:17:54.458166','2019-05-15 11:17:55.864188'),(14,'Channel 3 V','2019-05-15 10:17:54.458166','2019-05-15 11:17:55.864188'),(14,'Channel 4 T','2019-05-15 10:17:54.458166','2019-05-15 11:17:55.864188'),(14,'Channel 4 V','2019-05-15 10:17:54.458166','2019-05-15 11:17:55.864188'),(14,'Channel 5 T','2019-05-15 10:17:54.458166','2019-05-15 11:17:55.864188'),(14,'Channel 5 V','2019-05-15 10:17:54.458166','2019-05-15 11:17:55.864188'),(14,'Channel 6 T','2019-05-15 10:17:54.458166','2019-05-15 11:17:55.864188'),(14,'Channel 6 V','2019-05-15 10:17:54.458166','2019-05-15 11:17:55.864188'),(14,'Channel 7 T','2019-05-15 10:17:54.458166','2019-05-15 11:17:55.864188'),(14,'Channel 7 V','2019-05-15 10:17:54.458166','2019-05-15 11:17:55.864188'),(14,'Channel 8 T','2019-05-15 10:17:54.458166','2019-05-15 11:17:55.864188'),(14,'Channel 8 V','2019-05-15 10:17:54.458166','2019-05-15 11:17:55.864188'),(16,'Channel 1 T','2019-05-15 10:17:55.091777','2019-05-15 11:17:57.107365'),(16,'Channel 1 V','2019-05-15 10:17:55.091777','2019-05-15 11:17:57.107365'),(16,'Channel 2 T','2019-05-15 10:17:55.091777','2019-05-15 11:17:57.107365'),(16,'Channel 2 V','2019-05-15 10:17:55.091777','2019-05-15 11:17:57.107365'),(16,'Channel 3 T','2019-05-15 10:17:55.091777','2019-05-15 11:17:57.107365'),(16,'Channel 3 V','2019-05-15 10:17:55.091777','2019-05-15 11:17:57.107365'),(16,'Channel 4 T','2019-05-15 10:17:55.091777','2019-05-15 11:17:57.107365'),(16,'Channel 4 V','2019-05-15 10:17:55.091777','2019-05-15 11:17:57.107365'),(16,'Channel 5 T','2019-05-15 10:17:55.091777','2019-05-15 11:17:57.107365'),(16,'Channel 5 V','2019-05-15 10:17:55.091777','2019-05-15 11:17:57.107365'),(16,'Channel 6 T','2019-05-15 10:17:55.091777','2019-05-15 11:17:57.107365'),(16,'Channel 6 V','2019-05-15 10:17:55.091777','2019-05-15 11:17:57.107365'),(16,'Channel 7 T','2019-05-15 10:17:55.091777','2019-05-15 11:17:57.107365'),(16,'Channel 7 V','2019-05-15 10:17:55.091777','2019-05-15 11:17:57.107365'),(16,'Channel 8 T','2019-05-15 10:17:55.091777','2019-05-15 11:17:57.107365'),(16,'Channel 8 V','2019-05-15 10:17:55.091777','2019-05-15 11:17:57.107365'),(17,'Channel 1 T','2019-05-15 10:17:56.044405','2019-05-15 11:17:56.983839'),(17,'Channel 1 V','2019-05-15 10:17:56.044405','2019-05-15 11:17:56.983839'),(17,'Channel 2 T','2019-05-15 10:17:56.044405','2019-05-15 11:17:56.983839'),(17,'Channel 2 V','2019-05-15 10:17:56.044405','2019-05-15 11:17:56.983839'),(17,'Channel 3 T','2019-05-15 10:17:56.044405','2019-05-15 11:17:56.983839'),(17,'Channel 3 V','2019-05-15 10:17:56.044405','2019-05-15 11:17:56.983839'),(17,'Channel 4 T','2019-05-15 10:17:56.044405','2019-05-15 11:17:56.983839'),(17,'Channel 4 V','2019-05-15 10:17:56.044405','2019-05-15 11:17:56.983839'),(17,'Channel 5 T','2019-05-15 10:17:56.044405','2019-05-15 11:17:56.983839'),(17,'Channel 5 V','2019-05-15 10:17:56.044405','2019-05-15 11:17:56.983839'),(17,'Channel 6 T','2019-05-15 10:17:56.044405','2019-05-15 11:17:56.983839'),(17,'Channel 6 V','2019-05-15 10:17:56.044405','2019-05-15 11:17:56.983839'),(17,'Channel 7 T','2019-05-15 10:17:56.044405','2019-05-15 11:17:56.983839'),(17,'Channel 7 V','2019-05-15 10:17:56.044405','2019-05-15 11:17:56.983839'),(17,'Channel 8 T','2019-05-15 10:17:56.044405','2019-05-15 11:17:56.983839'),(17,'Channel 8 V','2019-05-15 10:17:56.044405','2019-05-15 11:17:56.983839'),(13,'Channel 01 R','2019-05-15 10:17:55.560382','2019-05-15 11:17:56.792231'),(13,'Channel 01 T','2019-05-15 10:17:55.560382','2019-05-15 11:17:56.792231'),(18,'Channel 02 R','2019-05-15 10:18:27.134766','2019-05-15 11:17:36.797855'),(18,'Channel 02 T','2019-05-15 10:18:27.134766','2019-05-15 11:17:36.797855'),(18,'Channel 03 R','2019-05-15 10:17:54.960001','2019-05-15 11:17:49.699283'),(18,'Channel 03 T','2019-05-15 10:17:54.960001','2019-05-15 11:17:49.699283'),(18,'Channel 06 R','2019-05-15 10:18:01.169621','2019-05-15 11:17:57.811525'),(18,'Channel 06 T','2019-05-15 10:18:01.169621','2019-05-15 11:17:57.811525'),(18,'Channel 07 R','2019-05-15 10:18:14.010910','2019-05-15 11:17:23.604782'),(18,'Channel 07 T','2019-05-15 10:18:14.010910','2019-05-15 11:17:23.604782'),(23,'Channel 1 T','2019-05-15 08:17:51.112894','2019-05-15 09:17:53.307436'),(23,'Channel 1 V','2019-05-15 08:17:51.112894','2019-05-15 09:17:53.307436'),(23,'Channel 2 T','2019-05-15 08:17:51.112894','2019-05-15 09:17:53.307436'),(23,'Channel 2 V','2019-05-15 08:17:51.112894','2019-05-15 09:17:53.307436'),(23,'Channel 3 T','2019-05-15 08:17:51.112894','2019-05-15 09:17:53.307436'),(23,'Channel 3 V','2019-05-15 08:17:51.112894','2019-05-15 09:17:53.307436'),(23,'Channel 4 T','2019-05-15 08:17:51.112894','2019-05-15 09:17:53.307436'),(23,'Channel 4 V','2019-05-15 08:17:51.112894','2019-05-15 09:17:53.307436'),(23,'Channel 5 T','2019-05-15 08:17:51.112894','2019-05-15 09:17:53.307436'),(23,'Channel 5 V','2019-05-15 08:17:51.112894','2019-05-15 09:17:53.307436'),(23,'Channel 6 T','2019-05-15 08:17:51.112894','2019-05-15 09:17:53.307436'),(23,'Channel 6 V','2019-05-15 08:17:51.112894','2019-05-15 09:17:53.307436'),(23,'Channel 7 T','2019-05-15 08:17:51.112894','2019-05-15 09:17:53.307436'),(23,'Channel 7 V','2019-05-15 08:17:51.112894','2019-05-15 09:17:53.307436'),(23,'Channel 8 T','2019-05-15 08:17:51.112894','2019-05-15 09:17:53.307436'),(23,'Channel 8 V','2019-05-15 08:17:51.112894','2019-05-15 09:17:53.307436'),(20,'Channel 1 T','2019-05-15 08:17:52.163381','2019-05-15 09:17:52.553180'),(20,'Channel 1 V','2019-05-15 08:17:52.163381','2019-05-15 09:17:52.553180'),(20,'Channel 2 T','2019-05-15 08:17:52.163381','2019-05-15 09:17:52.553180'),(20,'Channel 2 V','2019-05-15 08:17:52.163381','2019-05-15 09:17:52.553180'),(20,'Channel 3 T','2019-05-15 08:17:52.163381','2019-05-15 09:17:52.553180'),(20,'Channel 3 V','2019-05-15 08:17:52.163381','2019-05-15 09:17:52.553180'),(20,'Channel 4 T','2019-05-15 08:17:52.163381','2019-05-15 09:17:52.553180'),(20,'Channel 4 V','2019-05-15 08:17:52.163381','2019-05-15 09:17:52.553180'),(20,'Channel 5 T','2019-05-15 08:17:52.163381','2019-05-15 09:17:52.553180'),(20,'Channel 5 V','2019-05-15 08:17:52.163381','2019-05-15 09:17:52.553180'),(20,'Channel 6 T','2019-05-15 08:17:52.163381','2019-05-15 09:17:52.553180'),(20,'Channel 6 V','2019-05-15 08:17:52.163381','2019-05-15 09:17:52.553180'),(20,'Channel 7 T','2019-05-15 08:17:52.163381','2019-05-15 09:17:52.553180'),(20,'Channel 7 V','2019-05-15 08:17:52.163381','2019-05-15 09:17:52.553180'),(20,'Channel 8 T','2019-05-15 08:17:52.163381','2019-05-15 09:17:52.553180'),(20,'Channel 8 V','2019-05-15 08:17:52.163381','2019-05-15 09:17:52.553180'),(22,'Channel 1 T','2019-05-15 08:17:52.132016','2019-05-15 09:17:51.978352'),(22,'Channel 1 V','2019-05-15 08:17:52.132016','2019-05-15 09:17:51.978352'),(22,'Channel 2 T','2019-05-15 08:17:52.132016','2019-05-15 09:17:51.978352'),(22,'Channel 2 V','2019-05-15 08:17:52.132016','2019-05-15 09:17:51.978352'),(22,'Channel 3 T','2019-05-15 08:17:52.132016','2019-05-15 09:17:51.978352'),(22,'Channel 3 V','2019-05-15 08:17:52.132016','2019-05-15 09:17:51.978352'),(22,'Channel 4 T','2019-05-15 08:17:52.132016','2019-05-15 09:17:51.978352'),(22,'Channel 4 V','2019-05-15 08:17:52.132016','2019-05-15 09:17:51.978352'),(22,'Channel 5 T','2019-05-15 08:17:52.132016','2019-05-15 09:17:51.978352'),(22,'Channel 5 V','2019-05-15 08:17:52.132016','2019-05-15 09:17:51.978352'),(22,'Channel 6 T','2019-05-15 08:17:52.132016','2019-05-15 09:17:51.978352'),(22,'Channel 6 V','2019-05-15 08:17:52.132016','2019-05-15 09:17:51.978352'),(22,'Channel 7 T','2019-05-15 08:17:52.132016','2019-05-15 09:17:51.978352'),(22,'Channel 7 V','2019-05-15 08:17:52.132016','2019-05-15 09:17:51.978352'),(22,'Channel 8 T','2019-05-15 08:17:52.132016','2019-05-15 09:17:51.978352'),(22,'Channel 8 V','2019-05-15 08:17:52.132016','2019-05-15 09:17:51.978352'),(19,'Channel 01 R','2019-05-15 08:17:51.104274','2019-05-15 09:17:52.626212'),(19,'Channel 01 T','2019-05-15 08:17:51.104274','2019-05-15 09:17:52.626212'),(24,'Channel 02 R','2019-05-15 08:17:57.138022','2019-05-15 09:17:53.453014'),(24,'Channel 02 T','2019-05-15 08:17:57.138022','2019-05-15 09:17:53.453014'),(24,'Channel 03 R','2019-05-15 08:18:10.281895','2019-05-15 09:17:19.888967'),(24,'Channel 03 T','2019-05-15 08:18:10.281895','2019-05-15 09:17:19.888967'),(24,'Channel 06 R','2019-05-15 08:18:23.153755','2019-05-15 09:17:32.941902'),(24,'Channel 06 T','2019-05-15 08:18:23.153755','2019-05-15 09:17:32.941902'),(24,'Channel 07 R','2019-05-15 08:17:52.019751','2019-05-15 09:17:45.751766'),(24,'Channel 07 T','2019-05-15 08:17:52.019751','2019-05-15 09:17:45.751766'),(26,'Channel 1 T','2019-05-15 12:17:58.463489','2019-05-15 13:18:00.663110'),(26,'Channel 1 V','2019-05-15 12:17:58.463489','2019-05-15 13:18:00.663110'),(26,'Channel 2 T','2019-05-15 12:17:58.463489','2019-05-15 13:18:00.663110'),(26,'Channel 2 V','2019-05-15 12:17:58.463489','2019-05-15 13:18:00.663110'),(26,'Channel 3 T','2019-05-15 12:17:58.463489','2019-05-15 13:18:00.663110'),(26,'Channel 3 V','2019-05-15 12:17:58.463489','2019-05-15 13:18:00.663110'),(26,'Channel 4 T','2019-05-15 12:17:58.463489','2019-05-15 13:18:00.663110'),(26,'Channel 4 V','2019-05-15 12:17:58.463489','2019-05-15 13:18:00.663110'),(26,'Channel 5 T','2019-05-15 12:17:58.463489','2019-05-15 13:18:00.663110'),(26,'Channel 5 V','2019-05-15 12:17:58.463489','2019-05-15 13:18:00.663110'),(26,'Channel 6 T','2019-05-15 12:17:58.463489','2019-05-15 13:18:00.663110'),(26,'Channel 6 V','2019-05-15 12:17:58.463489','2019-05-15 13:18:00.663110'),(26,'Channel 7 T','2019-05-15 12:17:58.463489','2019-05-15 13:18:00.663110'),(26,'Channel 7 V','2019-05-15 12:17:58.463489','2019-05-15 13:18:00.663110'),(26,'Channel 8 T','2019-05-15 12:17:58.463489','2019-05-15 13:18:00.663110'),(26,'Channel 8 V','2019-05-15 12:17:58.463489','2019-05-15 13:18:00.663110'),(28,'Channel 1 T','2019-05-15 12:17:59.083449','2019-05-15 13:18:00.686041'),(28,'Channel 1 V','2019-05-15 12:17:59.083449','2019-05-15 13:18:00.686041'),(28,'Channel 2 T','2019-05-15 12:17:59.083449','2019-05-15 13:18:00.686041'),(28,'Channel 2 V','2019-05-15 12:17:59.083449','2019-05-15 13:18:00.686041'),(28,'Channel 3 T','2019-05-15 12:17:59.083449','2019-05-15 13:18:00.686041'),(28,'Channel 3 V','2019-05-15 12:17:59.083449','2019-05-15 13:18:00.686041'),(28,'Channel 4 T','2019-05-15 12:17:59.083449','2019-05-15 13:18:00.686041'),(28,'Channel 4 V','2019-05-15 12:17:59.083449','2019-05-15 13:18:00.686041'),(28,'Channel 5 T','2019-05-15 12:17:59.083449','2019-05-15 13:18:00.686041'),(28,'Channel 5 V','2019-05-15 12:17:59.083449','2019-05-15 13:18:00.686041'),(28,'Channel 6 T','2019-05-15 12:17:59.083449','2019-05-15 13:18:00.686041'),(28,'Channel 6 V','2019-05-15 12:17:59.083449','2019-05-15 13:18:00.686041'),(28,'Channel 7 T','2019-05-15 12:17:59.083449','2019-05-15 13:18:00.686041'),(28,'Channel 7 V','2019-05-15 12:17:59.083449','2019-05-15 13:18:00.686041'),(28,'Channel 8 T','2019-05-15 12:17:59.083449','2019-05-15 13:18:00.686041'),(28,'Channel 8 V','2019-05-15 12:17:59.083449','2019-05-15 13:18:00.686041'),(29,'Channel 1 T','2019-05-15 12:17:58.492645','2019-05-15 13:17:59.630372'),(29,'Channel 1 V','2019-05-15 12:17:58.492645','2019-05-15 13:17:59.630372'),(29,'Channel 2 T','2019-05-15 12:17:58.492645','2019-05-15 13:17:59.630372'),(29,'Channel 2 V','2019-05-15 12:17:58.492645','2019-05-15 13:17:59.630372'),(29,'Channel 3 T','2019-05-15 12:17:58.492645','2019-05-15 13:17:59.630372'),(29,'Channel 3 V','2019-05-15 12:17:58.492645','2019-05-15 13:17:59.630372'),(29,'Channel 4 T','2019-05-15 12:17:58.492645','2019-05-15 13:17:59.630372'),(29,'Channel 4 V','2019-05-15 12:17:58.492645','2019-05-15 13:17:59.630372'),(29,'Channel 5 T','2019-05-15 12:17:58.492645','2019-05-15 13:17:59.630372'),(29,'Channel 5 V','2019-05-15 12:17:58.492645','2019-05-15 13:17:59.630372'),(29,'Channel 6 T','2019-05-15 12:17:58.492645','2019-05-15 13:17:59.630372'),(29,'Channel 6 V','2019-05-15 12:17:58.492645','2019-05-15 13:17:59.630372'),(29,'Channel 7 T','2019-05-15 12:17:58.492645','2019-05-15 13:17:59.630372'),(29,'Channel 7 V','2019-05-15 12:17:58.492645','2019-05-15 13:17:59.630372'),(29,'Channel 8 T','2019-05-15 12:17:58.492645','2019-05-15 13:17:59.630372'),(29,'Channel 8 V','2019-05-15 12:17:58.492645','2019-05-15 13:17:59.630372'),(25,'Channel 01 R','2019-05-15 12:17:59.015518','2019-05-15 13:18:00.509500'),(25,'Channel 01 T','2019-05-15 12:17:59.015518','2019-05-15 13:18:00.509500'),(30,'Channel 02 R','2019-05-15 12:18:04.920818','2019-05-15 13:18:01.381587'),(30,'Channel 02 T','2019-05-15 12:18:04.920818','2019-05-15 13:18:01.381587'),(30,'Channel 03 R','2019-05-15 12:18:18.001352','2019-05-15 13:17:27.678168'),(30,'Channel 03 T','2019-05-15 12:18:18.001352','2019-05-15 13:17:27.678168'),(30,'Channel 06 R','2019-05-15 12:18:30.882046','2019-05-15 13:17:40.480880'),(30,'Channel 06 T','2019-05-15 12:18:30.882046','2019-05-15 13:17:40.480880'),(30,'Channel 07 R','2019-05-15 12:17:58.716482','2019-05-15 13:17:53.580244'),(30,'Channel 07 T','2019-05-15 12:17:58.716482','2019-05-15 13:17:53.580244'),(35,'Channel 1 T','2019-05-15 13:18:00.229131','2019-05-15 14:18:02.258261'),(35,'Channel 1 V','2019-05-15 13:18:00.229131','2019-05-15 14:18:02.258261'),(35,'Channel 2 T','2019-05-15 13:18:00.229131','2019-05-15 14:18:02.258261'),(35,'Channel 2 V','2019-05-15 13:18:00.229131','2019-05-15 14:18:02.258261'),(35,'Channel 3 T','2019-05-15 13:18:00.229131','2019-05-15 14:18:02.258261'),(35,'Channel 3 V','2019-05-15 13:18:00.229131','2019-05-15 14:18:02.258261'),(35,'Channel 4 T','2019-05-15 13:18:00.229131','2019-05-15 14:18:02.258261'),(35,'Channel 4 V','2019-05-15 13:18:00.229131','2019-05-15 14:18:02.258261'),(35,'Channel 5 T','2019-05-15 13:18:00.229131','2019-05-15 14:18:02.258261'),(35,'Channel 5 V','2019-05-15 13:18:00.229131','2019-05-15 14:18:02.258261'),(35,'Channel 6 T','2019-05-15 13:18:00.229131','2019-05-15 14:18:02.258261'),(35,'Channel 6 V','2019-05-15 13:18:00.229131','2019-05-15 14:18:02.258261'),(35,'Channel 7 T','2019-05-15 13:18:00.229131','2019-05-15 14:18:02.258261'),(35,'Channel 7 V','2019-05-15 13:18:00.229131','2019-05-15 14:18:02.258261'),(35,'Channel 8 T','2019-05-15 13:18:00.229131','2019-05-15 14:18:02.258261'),(35,'Channel 8 V','2019-05-15 13:18:00.229131','2019-05-15 14:18:02.258261'),(32,'Channel 1 T','2019-05-15 13:18:01.261154','2019-05-15 14:18:03.186978'),(32,'Channel 1 V','2019-05-15 13:18:01.261154','2019-05-15 14:18:03.186978'),(32,'Channel 2 T','2019-05-15 13:18:01.261154','2019-05-15 14:18:03.186978'),(32,'Channel 2 V','2019-05-15 13:18:01.261154','2019-05-15 14:18:03.186978'),(32,'Channel 3 T','2019-05-15 13:18:01.261154','2019-05-15 14:18:03.186978'),(32,'Channel 3 V','2019-05-15 13:18:01.261154','2019-05-15 14:18:03.186978'),(32,'Channel 4 T','2019-05-15 13:18:01.261154','2019-05-15 14:18:03.186978'),(32,'Channel 4 V','2019-05-15 13:18:01.261154','2019-05-15 14:18:03.186978'),(32,'Channel 5 T','2019-05-15 13:18:01.261154','2019-05-15 14:18:03.186978'),(32,'Channel 5 V','2019-05-15 13:18:01.261154','2019-05-15 14:18:03.186978'),(32,'Channel 6 T','2019-05-15 13:18:01.261154','2019-05-15 14:18:03.186978'),(32,'Channel 6 V','2019-05-15 13:18:01.261154','2019-05-15 14:18:03.186978'),(32,'Channel 7 T','2019-05-15 13:18:01.261154','2019-05-15 14:18:03.186978'),(32,'Channel 7 V','2019-05-15 13:18:01.261154','2019-05-15 14:18:03.186978'),(32,'Channel 8 T','2019-05-15 13:18:01.261154','2019-05-15 14:18:03.186978'),(32,'Channel 8 V','2019-05-15 13:18:01.261154','2019-05-15 14:18:03.186978'),(34,'Channel 1 T','2019-05-15 13:18:01.284397','2019-05-15 14:18:02.610509'),(34,'Channel 1 V','2019-05-15 13:18:01.284397','2019-05-15 14:18:02.610509'),(34,'Channel 2 T','2019-05-15 13:18:01.284397','2019-05-15 14:18:02.610509'),(34,'Channel 2 V','2019-05-15 13:18:01.284397','2019-05-15 14:18:02.610509'),(34,'Channel 3 T','2019-05-15 13:18:01.284397','2019-05-15 14:18:02.610509'),(34,'Channel 3 V','2019-05-15 13:18:01.284397','2019-05-15 14:18:02.610509'),(34,'Channel 4 T','2019-05-15 13:18:01.284397','2019-05-15 14:18:02.610509'),(34,'Channel 4 V','2019-05-15 13:18:01.284397','2019-05-15 14:18:02.610509'),(34,'Channel 5 T','2019-05-15 13:18:01.284397','2019-05-15 14:18:02.610509'),(34,'Channel 5 V','2019-05-15 13:18:01.284397','2019-05-15 14:18:02.610509'),(34,'Channel 6 T','2019-05-15 13:18:01.284397','2019-05-15 14:18:02.610509'),(34,'Channel 6 V','2019-05-15 13:18:01.284397','2019-05-15 14:18:02.610509'),(34,'Channel 7 T','2019-05-15 13:18:01.284397','2019-05-15 14:18:02.610509'),(34,'Channel 7 V','2019-05-15 13:18:01.284397','2019-05-15 14:18:02.610509'),(34,'Channel 8 T','2019-05-15 13:18:01.284397','2019-05-15 14:18:02.610509'),(34,'Channel 8 V','2019-05-15 13:18:01.284397','2019-05-15 14:18:02.610509'),(31,'Channel 01 R','2019-05-15 13:18:00.808562','2019-05-15 14:18:03.152865'),(31,'Channel 01 T','2019-05-15 13:18:00.808562','2019-05-15 14:18:03.152865'),(36,'Channel 02 R','2019-05-15 13:18:01.682594','2019-05-15 14:17:55.587289'),(36,'Channel 02 T','2019-05-15 13:18:01.682594','2019-05-15 14:17:55.587289'),(36,'Channel 03 R','2019-05-15 13:18:06.811698','2019-05-15 14:18:02.721014'),(36,'Channel 03 T','2019-05-15 13:18:06.811698','2019-05-15 14:18:02.721014'),(36,'Channel 06 R','2019-05-15 13:18:19.936044','2019-05-15 14:17:29.582663'),(36,'Channel 06 T','2019-05-15 13:18:19.936044','2019-05-15 14:17:29.582663'),(36,'Channel 07 R','2019-05-15 13:18:32.817158','2019-05-15 14:17:42.416348'),(36,'Channel 07 T','2019-05-15 13:18:32.817158','2019-05-15 14:17:42.416348'),(38,'Channel 1 T','2019-05-15 06:17:47.128008','2019-05-15 07:17:49.614819'),(38,'Channel 1 V','2019-05-15 06:17:47.128008','2019-05-15 07:17:49.614819'),(38,'Channel 2 T','2019-05-15 06:17:47.128008','2019-05-15 07:17:49.614819'),(38,'Channel 2 V','2019-05-15 06:17:47.128008','2019-05-15 07:17:49.614819'),(38,'Channel 3 T','2019-05-15 06:17:47.128008','2019-05-15 07:17:49.614819'),(38,'Channel 3 V','2019-05-15 06:17:47.128008','2019-05-15 07:17:49.614819'),(38,'Channel 4 T','2019-05-15 06:17:47.128008','2019-05-15 07:17:49.614819'),(38,'Channel 4 V','2019-05-15 06:17:47.128008','2019-05-15 07:17:49.614819'),(38,'Channel 5 T','2019-05-15 06:17:47.128008','2019-05-15 07:17:49.614819'),(38,'Channel 5 V','2019-05-15 06:17:47.128008','2019-05-15 07:17:49.614819'),(38,'Channel 6 T','2019-05-15 06:17:47.128008','2019-05-15 07:17:49.614819'),(38,'Channel 6 V','2019-05-15 06:17:47.128008','2019-05-15 07:17:49.614819'),(38,'Channel 7 T','2019-05-15 06:17:47.128008','2019-05-15 07:17:49.614819'),(38,'Channel 7 V','2019-05-15 06:17:47.128008','2019-05-15 07:17:49.614819'),(38,'Channel 8 T','2019-05-15 06:17:47.128008','2019-05-15 07:17:49.614819'),(38,'Channel 8 V','2019-05-15 06:17:47.128008','2019-05-15 07:17:49.614819'),(41,'Channel 1 T','2019-05-15 06:17:47.064933','2019-05-15 07:17:48.493108'),(41,'Channel 1 V','2019-05-15 06:17:47.064933','2019-05-15 07:17:48.493108'),(41,'Channel 2 T','2019-05-15 06:17:47.064933','2019-05-15 07:17:48.493108'),(41,'Channel 2 V','2019-05-15 06:17:47.064933','2019-05-15 07:17:48.493108'),(41,'Channel 3 T','2019-05-15 06:17:47.064933','2019-05-15 07:17:48.493108'),(41,'Channel 3 V','2019-05-15 06:17:47.064933','2019-05-15 07:17:48.493108'),(41,'Channel 4 T','2019-05-15 06:17:47.064933','2019-05-15 07:17:48.493108'),(41,'Channel 4 V','2019-05-15 06:17:47.064933','2019-05-15 07:17:48.493108'),(41,'Channel 5 T','2019-05-15 06:17:47.064933','2019-05-15 07:17:48.493108'),(41,'Channel 5 V','2019-05-15 06:17:47.064933','2019-05-15 07:17:48.493108'),(41,'Channel 6 T','2019-05-15 06:17:47.064933','2019-05-15 07:17:48.493108'),(41,'Channel 6 V','2019-05-15 06:17:47.064933','2019-05-15 07:17:48.493108'),(41,'Channel 7 T','2019-05-15 06:17:47.064933','2019-05-15 07:17:48.493108'),(41,'Channel 7 V','2019-05-15 06:17:47.064933','2019-05-15 07:17:48.493108'),(41,'Channel 8 T','2019-05-15 06:17:47.064933','2019-05-15 07:17:48.493108'),(41,'Channel 8 V','2019-05-15 06:17:47.064933','2019-05-15 07:17:48.493108'),(40,'Channel 1 T','2019-05-15 06:17:47.831028','2019-05-15 07:17:49.653656'),(40,'Channel 1 V','2019-05-15 06:17:47.831028','2019-05-15 07:17:49.653656'),(40,'Channel 2 T','2019-05-15 06:17:47.831028','2019-05-15 07:17:49.653656'),(40,'Channel 2 V','2019-05-15 06:17:47.831028','2019-05-15 07:17:49.653656'),(40,'Channel 3 T','2019-05-15 06:17:47.831028','2019-05-15 07:17:49.653656'),(40,'Channel 3 V','2019-05-15 06:17:47.831028','2019-05-15 07:17:49.653656'),(40,'Channel 4 T','2019-05-15 06:17:47.831028','2019-05-15 07:17:49.653656'),(40,'Channel 4 V','2019-05-15 06:17:47.831028','2019-05-15 07:17:49.653656'),(40,'Channel 5 T','2019-05-15 06:17:47.831028','2019-05-15 07:17:49.653656'),(40,'Channel 5 V','2019-05-15 06:17:47.831028','2019-05-15 07:17:49.653656'),(40,'Channel 6 T','2019-05-15 06:17:47.831028','2019-05-15 07:17:49.653656'),(40,'Channel 6 V','2019-05-15 06:17:47.831028','2019-05-15 07:17:49.653656'),(40,'Channel 7 T','2019-05-15 06:17:47.831028','2019-05-15 07:17:49.653656'),(40,'Channel 7 V','2019-05-15 06:17:47.831028','2019-05-15 07:17:49.653656'),(40,'Channel 8 T','2019-05-15 06:17:47.831028','2019-05-15 07:17:49.653656'),(40,'Channel 8 V','2019-05-15 06:17:47.831028','2019-05-15 07:17:49.653656'),(37,'Channel 01 R','2019-05-15 06:17:48.068575','2019-05-15 07:17:49.391020'),(37,'Channel 01 T','2019-05-15 06:17:48.068575','2019-05-15 07:17:49.391020'),(42,'Channel 02 R','2019-05-15 06:18:19.284555','2019-05-15 07:17:29.048217'),(42,'Channel 02 T','2019-05-15 06:18:19.284555','2019-05-15 07:17:29.048217'),(42,'Channel 03 R','2019-05-15 06:17:47.639910','2019-05-15 07:17:41.883459'),(42,'Channel 03 T','2019-05-15 06:17:47.639910','2019-05-15 07:17:41.883459'),(42,'Channel 06 R','2019-05-15 06:17:53.399365','2019-05-15 07:17:49.073594'),(42,'Channel 06 T','2019-05-15 06:17:53.399365','2019-05-15 07:17:49.073594'),(42,'Channel 07 R','2019-05-15 06:18:06.522107','2019-05-15 07:17:15.877090'),(42,'Channel 07 T','2019-05-15 06:18:06.522107','2019-05-15 07:17:15.877090'),(44,'Channel 1 T','2019-05-15 09:17:53.147074','2019-05-15 10:17:53.858793'),(44,'Channel 1 V','2019-05-15 09:17:53.147074','2019-05-15 10:17:53.858793'),(44,'Channel 2 T','2019-05-15 09:17:53.147074','2019-05-15 10:17:53.858793'),(44,'Channel 2 V','2019-05-15 09:17:53.147074','2019-05-15 10:17:53.858793'),(44,'Channel 3 T','2019-05-15 09:17:53.147074','2019-05-15 10:17:53.858793'),(44,'Channel 3 V','2019-05-15 09:17:53.147074','2019-05-15 10:17:53.858793'),(44,'Channel 4 T','2019-05-15 09:17:53.147074','2019-05-15 10:17:53.858793'),(44,'Channel 4 V','2019-05-15 09:17:53.147074','2019-05-15 10:17:53.858793'),(44,'Channel 5 T','2019-05-15 09:17:53.147074','2019-05-15 10:17:53.858793'),(44,'Channel 5 V','2019-05-15 09:17:53.147074','2019-05-15 10:17:53.858793'),(44,'Channel 6 T','2019-05-15 09:17:53.147074','2019-05-15 10:17:53.858793'),(44,'Channel 6 V','2019-05-15 09:17:53.147074','2019-05-15 10:17:53.858793'),(44,'Channel 7 T','2019-05-15 09:17:53.147074','2019-05-15 10:17:53.858793'),(44,'Channel 7 V','2019-05-15 09:17:53.147074','2019-05-15 10:17:53.858793'),(44,'Channel 8 T','2019-05-15 09:17:53.147074','2019-05-15 10:17:53.858793'),(44,'Channel 8 V','2019-05-15 09:17:53.147074','2019-05-15 10:17:53.858793'),(46,'Channel 1 T','2019-05-15 09:17:52.578642','2019-05-15 10:17:54.497359'),(46,'Channel 1 V','2019-05-15 09:17:52.578642','2019-05-15 10:17:54.497359'),(46,'Channel 2 T','2019-05-15 09:17:52.578642','2019-05-15 10:17:54.497359'),(46,'Channel 2 V','2019-05-15 09:17:52.578642','2019-05-15 10:17:54.497359'),(46,'Channel 3 T','2019-05-15 09:17:52.578642','2019-05-15 10:17:54.497359'),(46,'Channel 3 V','2019-05-15 09:17:52.578642','2019-05-15 10:17:54.497359'),(46,'Channel 4 T','2019-05-15 09:17:52.578642','2019-05-15 10:17:54.497359'),(46,'Channel 4 V','2019-05-15 09:17:52.578642','2019-05-15 10:17:54.497359'),(46,'Channel 5 T','2019-05-15 09:17:52.578642','2019-05-15 10:17:54.497359'),(46,'Channel 5 V','2019-05-15 09:17:52.578642','2019-05-15 10:17:54.497359'),(46,'Channel 6 T','2019-05-15 09:17:52.578642','2019-05-15 10:17:54.497359'),(46,'Channel 6 V','2019-05-15 09:17:52.578642','2019-05-15 10:17:54.497359'),(46,'Channel 7 T','2019-05-15 09:17:52.578642','2019-05-15 10:17:54.497359'),(46,'Channel 7 V','2019-05-15 09:17:52.578642','2019-05-15 10:17:54.497359'),(46,'Channel 8 T','2019-05-15 09:17:52.578642','2019-05-15 10:17:54.497359'),(46,'Channel 8 V','2019-05-15 09:17:52.578642','2019-05-15 10:17:54.497359'),(47,'Channel 1 T','2019-05-15 09:17:53.907073','2019-05-15 10:17:55.444018'),(47,'Channel 1 V','2019-05-15 09:17:53.907073','2019-05-15 10:17:55.444018'),(47,'Channel 2 T','2019-05-15 09:17:53.907073','2019-05-15 10:17:55.444018'),(47,'Channel 2 V','2019-05-15 09:17:53.907073','2019-05-15 10:17:55.444018'),(47,'Channel 3 T','2019-05-15 09:17:53.907073','2019-05-15 10:17:55.444018'),(47,'Channel 3 V','2019-05-15 09:17:53.907073','2019-05-15 10:17:55.444018'),(47,'Channel 4 T','2019-05-15 09:17:53.907073','2019-05-15 10:17:55.444018'),(47,'Channel 4 V','2019-05-15 09:17:53.907073','2019-05-15 10:17:55.444018'),(47,'Channel 5 T','2019-05-15 09:17:53.907073','2019-05-15 10:17:55.444018'),(47,'Channel 5 V','2019-05-15 09:17:53.907073','2019-05-15 10:17:55.444018'),(47,'Channel 6 T','2019-05-15 09:17:53.907073','2019-05-15 10:17:55.444018'),(47,'Channel 6 V','2019-05-15 09:17:53.907073','2019-05-15 10:17:55.444018'),(47,'Channel 7 T','2019-05-15 09:17:53.907073','2019-05-15 10:17:55.444018'),(47,'Channel 7 V','2019-05-15 09:17:53.907073','2019-05-15 10:17:55.444018'),(47,'Channel 8 T','2019-05-15 09:17:53.907073','2019-05-15 10:17:55.444018'),(47,'Channel 8 V','2019-05-15 09:17:53.907073','2019-05-15 10:17:55.444018'),(43,'Channel 01 R','2019-05-15 09:17:52.926441','2019-05-15 10:17:55.259129'),(43,'Channel 01 T','2019-05-15 09:17:52.926441','2019-05-15 10:17:55.259129'),(48,'Channel 02 R','2019-05-15 09:17:53.754480','2019-05-15 10:17:47.869000'),(48,'Channel 02 T','2019-05-15 09:17:53.754480','2019-05-15 10:17:47.869000'),(48,'Channel 03 R','2019-05-15 09:17:59.194427','2019-05-15 10:17:54.667029'),(48,'Channel 03 T','2019-05-15 09:17:59.194427','2019-05-15 10:17:54.667029'),(48,'Channel 06 R','2019-05-15 09:18:12.075402','2019-05-15 10:17:21.872133'),(48,'Channel 06 T','2019-05-15 09:18:12.075402','2019-05-15 10:17:21.872133'),(48,'Channel 07 R','2019-05-15 09:18:25.221029','2019-05-15 10:17:34.763573'),(48,'Channel 07 T','2019-05-15 09:18:25.221029','2019-05-15 10:17:34.763573'),(50,'Channel 1 T','2019-05-15 11:17:56.456437','2019-05-15 12:17:57.861325'),(50,'Channel 1 V','2019-05-15 11:17:56.456437','2019-05-15 12:17:57.861325'),(50,'Channel 2 T','2019-05-15 11:17:56.456437','2019-05-15 12:17:57.861325'),(50,'Channel 2 V','2019-05-15 11:17:56.456437','2019-05-15 12:17:57.861325'),(50,'Channel 3 T','2019-05-15 11:17:56.456437','2019-05-15 12:17:57.861325'),(50,'Channel 3 V','2019-05-15 11:17:56.456437','2019-05-15 12:17:57.861325'),(50,'Channel 4 T','2019-05-15 11:17:56.456437','2019-05-15 12:17:57.861325'),(50,'Channel 4 V','2019-05-15 11:17:56.456437','2019-05-15 12:17:57.861325'),(50,'Channel 5 T','2019-05-15 11:17:56.456437','2019-05-15 12:17:57.861325'),(50,'Channel 5 V','2019-05-15 11:17:56.456437','2019-05-15 12:17:57.861325'),(50,'Channel 6 T','2019-05-15 11:17:56.456437','2019-05-15 12:17:57.861325'),(50,'Channel 6 V','2019-05-15 11:17:56.456437','2019-05-15 12:17:57.861325'),(50,'Channel 7 T','2019-05-15 11:17:56.456437','2019-05-15 12:17:57.861325'),(50,'Channel 7 V','2019-05-15 11:17:56.456437','2019-05-15 12:17:57.861325'),(50,'Channel 8 T','2019-05-15 11:17:56.456437','2019-05-15 12:17:57.861325'),(50,'Channel 8 V','2019-05-15 11:17:56.456437','2019-05-15 12:17:57.861325'),(52,'Channel 1 T','2019-05-15 11:17:57.709897','2019-05-15 12:17:58.489909'),(52,'Channel 1 V','2019-05-15 11:17:57.709897','2019-05-15 12:17:58.489909'),(52,'Channel 2 T','2019-05-15 11:17:57.709897','2019-05-15 12:17:58.489909'),(52,'Channel 2 V','2019-05-15 11:17:57.709897','2019-05-15 12:17:58.489909'),(52,'Channel 3 T','2019-05-15 11:17:57.709897','2019-05-15 12:17:58.489909'),(52,'Channel 3 V','2019-05-15 11:17:57.709897','2019-05-15 12:17:58.489909'),(52,'Channel 4 T','2019-05-15 11:17:57.709897','2019-05-15 12:17:58.489909'),(52,'Channel 4 V','2019-05-15 11:17:57.709897','2019-05-15 12:17:58.489909'),(52,'Channel 5 T','2019-05-15 11:17:57.709897','2019-05-15 12:17:58.489909'),(52,'Channel 5 V','2019-05-15 11:17:57.709897','2019-05-15 12:17:58.489909'),(52,'Channel 6 T','2019-05-15 11:17:57.709897','2019-05-15 12:17:58.489909'),(52,'Channel 6 V','2019-05-15 11:17:57.709897','2019-05-15 12:17:58.489909'),(52,'Channel 7 T','2019-05-15 11:17:57.709897','2019-05-15 12:17:58.489909'),(52,'Channel 7 V','2019-05-15 11:17:57.709897','2019-05-15 12:17:58.489909'),(52,'Channel 8 T','2019-05-15 11:17:57.709897','2019-05-15 12:17:58.489909'),(52,'Channel 8 V','2019-05-15 11:17:57.709897','2019-05-15 12:17:58.489909'),(53,'Channel 1 T','2019-05-15 11:17:57.583100','2019-05-15 12:17:57.890871'),(53,'Channel 1 V','2019-05-15 11:17:57.583100','2019-05-15 12:17:57.890871'),(53,'Channel 2 T','2019-05-15 11:17:57.583100','2019-05-15 12:17:57.890871'),(53,'Channel 2 V','2019-05-15 11:17:57.583100','2019-05-15 12:17:57.890871'),(53,'Channel 3 T','2019-05-15 11:17:57.583100','2019-05-15 12:17:57.890871'),(53,'Channel 3 V','2019-05-15 11:17:57.583100','2019-05-15 12:17:57.890871'),(53,'Channel 4 T','2019-05-15 11:17:57.583100','2019-05-15 12:17:57.890871'),(53,'Channel 4 V','2019-05-15 11:17:57.583100','2019-05-15 12:17:57.890871'),(53,'Channel 5 T','2019-05-15 11:17:57.583100','2019-05-15 12:17:57.890871'),(53,'Channel 5 V','2019-05-15 11:17:57.583100','2019-05-15 12:17:57.890871'),(53,'Channel 6 T','2019-05-15 11:17:57.583100','2019-05-15 12:17:57.890871'),(53,'Channel 6 V','2019-05-15 11:17:57.583100','2019-05-15 12:17:57.890871'),(53,'Channel 7 T','2019-05-15 11:17:57.583100','2019-05-15 12:17:57.890871'),(53,'Channel 7 V','2019-05-15 11:17:57.583100','2019-05-15 12:17:57.890871'),(53,'Channel 8 T','2019-05-15 11:17:57.583100','2019-05-15 12:17:57.890871'),(53,'Channel 8 V','2019-05-15 11:17:57.583100','2019-05-15 12:17:57.890871'),(49,'Channel 01 R','2019-05-15 11:17:57.092082','2019-05-15 12:17:58.713796'),(49,'Channel 01 T','2019-05-15 11:17:57.092082','2019-05-15 12:17:58.713796'),(54,'Channel 02 R','2019-05-15 11:18:15.967657','2019-05-15 12:17:25.641212'),(54,'Channel 02 T','2019-05-15 11:18:15.967657','2019-05-15 12:17:25.641212'),(54,'Channel 03 R','2019-05-15 11:18:28.969706','2019-05-15 12:17:38.532811'),(54,'Channel 03 T','2019-05-15 11:18:28.969706','2019-05-15 12:17:38.532811'),(54,'Channel 06 R','2019-05-15 11:17:58.112561','2019-05-15 12:17:51.615507'),(54,'Channel 06 T','2019-05-15 11:17:58.112561','2019-05-15 12:17:51.615507'),(54,'Channel 07 R','2019-05-15 11:18:02.941944','2019-05-15 12:17:58.420066'),(54,'Channel 07 T','2019-05-15 11:18:02.941944','2019-05-15 12:17:58.420066');
/*!40000 ALTER TABLE `fields` ENABLE KEYS */;
UNLOCK TABLES;
/*!40103 SET TIME_ZONE=@OLD_TIME_ZONE */;

/*!40101 SET SQL_MODE=@OLD_SQL_MODE */;
/*!40014 SET FOREIGN_KEY_CHECKS=@OLD_FOREIGN_KEY_CHECKS */;
/*!40014 SET UNIQUE_CHECKS=@OLD_UNIQUE_CHECKS */;
/*!40101 SET CHARACTER_SET_CLIENT=@OLD_CHARACTER_SET_CLIENT */;
/*!40101 SET CHARACTER_SET_RESULTS=@OLD_CHARACTER_SET_RESULTS */;
/*!40101 SET COLLATION_CONNECTION=@OLD_COLLATION_CONNECTION */;
/*!40111 SET SQL_NOTES=@OLD_SQL_NOTES */;

-- Dump completed on 2019-07-20 15:41:37
